0,display all the files in the current folder which have been modified in the last 24 hours excluding all directories,find . \( -type d ! -name . -prune \) -o \( -mtime -1 -print \),[/INST] `find . -type f -mtime 0`</s>
0,display all the files in the current folder which have been modified in the last 24 hours excluding all directories,find . \( -type d ! -name . -prune \) -o \( -mtime -1 -print \),[/INST] `find . -type f -mtime 0`</s>
0,display all the files in the current folder which have been modified in the last 24 hours excluding all directories,find . \( -type d ! -name . -prune \) -o \( -mtime -1 -print \),[/INST] `find . -type f -mtime 0`</s>
1,"Search for the extended regex expanded by""$MONTH\/$YEAR.*GET.*ad=$ADVERTISER HTTP\/1"" in the decompressed contents of the /var/log/apache2/access*.gz files that are newer than ./tmpoldfile and older than ./tmpnewfile","find /var/log/apache2/access*.gz -type f -newer ./tmpoldfile ! -newer ./tmpnewfile \ | xargs zcat | grep -E ""$MONTH\/$YEAR.*GET.*ad=$ADVERTISER HTTP\/1"" -c","[/INST] zgrep -E ""(?=$MONTH\/$YEAR.*GET.*ad=$ADVERTISER HTTP/1)"" /var/log/apache2/access*.gz | grep -zlf - ./tmpoldfile | grep -zlf - ./tmpnewfile

Note: This command assumes that the environment variables $MONTH, $YEAR, $ADVERTISER, ./tmpoldfile, and ./tmpnewfile are already set"
1,"Search for the extended regex expanded by""$MONTH\/$YEAR.*GET.*ad=$ADVERTISER HTTP\/1"" in the decompressed contents of the /var/log/apache2/access*.gz files that are newer than ./tmpoldfile and older than ./tmpnewfile","find /var/log/apache2/access*.gz -type f -newer ./tmpoldfile ! -newer ./tmpnewfile \ | xargs zcat | grep -E ""$MONTH\/$YEAR.*GET.*ad=$ADVERTISER HTTP\/1"" -c","[/INST] zgrep -E ""(?=$MONTH\/$YEAR.*GET.*ad=$ADVERTISER HTTP/1)"" /var/log/apache2/access*.gz | grep -zlf - ./tmpoldfile | grep -zlf - ./tmpnewfile

Note: This command assumes that the environment variables $MONTH, $YEAR, $ADVERTISER, ./tmpoldfile, and ./tmpnewfile are already set"
1,"Search for the extended regex expanded by""$MONTH\/$YEAR.*GET.*ad=$ADVERTISER HTTP\/1"" in the decompressed contents of the /var/log/apache2/access*.gz files that are newer than ./tmpoldfile and older than ./tmpnewfile","find /var/log/apache2/access*.gz -type f -newer ./tmpoldfile ! -newer ./tmpnewfile \ | xargs zcat | grep -E ""$MONTH\/$YEAR.*GET.*ad=$ADVERTISER HTTP\/1"" -c","[/INST] zgrep -E ""(?=$MONTH\/$YEAR.*GET.*ad=$ADVERTISER HTTP/1)"" /var/log/apache2/access*.gz | grep -zlf - ./tmpoldfile | grep -zlf - ./tmpnewfile

Note: This command assumes that the environment variables $MONTH, $YEAR, $ADVERTISER, ./tmpoldfile, and ./tmpnewfile are already set"
2,search for a word in all c files in the current folder,find . -name '*.c' | xargs grep 'stdlib.h',[/INST] `grep -r -i 'word' ./*.c`</s>
2,search for a word in all c files in the current folder,find . -name '*.c' | xargs grep 'stdlib.h',[/INST] `grep -r -i 'word' ./*.c`</s>
2,search for a word in all c files in the current folder,find . -name '*.c' | xargs grep 'stdlib.h',[/INST] `grep -r -i 'word' ./*.c`</s>
3,Find all directories under $path,find $path -type d,"[/INST] `find ""$path"" -type d`</s>"
3,Find all directories under $path,find $path -type d,"[/INST] `find ""$path"" -type d`</s>"
3,Find all directories under $path,find $path -type d,"[/INST] `find ""$path"" -type d`</s>"
4,"Write the list of all files on the system to ""masterfilelist.out""",find  /   -print > masterfilelist.out,[/INST] `sudo find / -type f -print > masterfilelist.out`</s>
4,"Write the list of all files on the system to ""masterfilelist.out""",find  /   -print > masterfilelist.out,[/INST] `sudo find / -type f -print > masterfilelist.out`</s>
4,"Write the list of all files on the system to ""masterfilelist.out""",find  /   -print > masterfilelist.out,[/INST] `sudo find / -type f -print > masterfilelist.out`</s>
5,Find all files/directories under directory '.cache/chromium/Default/Cache/' which are bigger than 100MB and which are atleast 1 level deep and delete them,find .cache/chromium/Default/Cache/ -mindepth 1 -size +100M -delete,[/INST] `find '/.cache/chromium/Default/Cache/' -type f -size +100000000c -mindepth 1 -delete`</s>
5,Find all files/directories under directory '.cache/chromium/Default/Cache/' which are bigger than 100MB and which are atleast 1 level deep and delete them,find .cache/chromium/Default/Cache/ -mindepth 1 -size +100M -delete,[/INST] `find '/.cache/chromium/Default/Cache/' -type f -size +100000000c -mindepth 1 -delete`</s>
5,Find all files/directories under directory '.cache/chromium/Default/Cache/' which are bigger than 100MB and which are atleast 1 level deep and delete them,find .cache/chromium/Default/Cache/ -mindepth 1 -size +100M -delete,[/INST] `find '/.cache/chromium/Default/Cache/' -type f -size +100000000c -mindepth 1 -delete`</s>
6,Remove all .php files in the /var/www/ directory,find /var/www/*.php -type f -exec rm {} \;,"[/INST] find /var/www/\* -name ""*.php"" -type f -exec rm {} \;</s>"
6,Remove all .php files in the /var/www/ directory,find /var/www/*.php -type f -exec rm {} \;,"[/INST] find /var/www/\* -name ""*.php"" -type f -delete</s></s></s></s>"
6,Remove all .php files in the /var/www/ directory,find /var/www/*.php -type f -exec rm {} \;,"[/INST] find /var/www/\* -name ""*.php"" -type f -delete</s></s></s></s>"
7,Print amount of space available on the file system containing path to the current working directory in megabytes.,df . -B MB | tail -1 | awk {'print $4'} | grep  .[0-9]*,"[/INST] `df -h | awk '/\/$/ { print $4}' | cut -d'M' -f1`

This command will print the amount of available space in the file system of the current working directory in megabytes.</s>"
7,Print amount of space available on the file system containing path to the current working directory in megabytes.,df . -B MB | tail -1 | awk {'print $4'} | grep  .[0-9]*,"[/INST] `df -h | awk '/\/$/ { print $4}' | cut -d'M' -f1`

This command will print the amount of available space in the file system of the current working directory in megabytes.</s>"
7,Print amount of space available on the file system containing path to the current working directory in megabytes.,df . -B MB | tail -1 | awk {'print $4'} | grep  .[0-9]*,"[/INST] `df -h | awk '/\/$/ { print $4}' | cut -d'M' -f1`

This command will print the amount of available space in the file system of the current working directory in megabytes.</s>"
8,"Find all .txt files in the dir/ directory tree and copy them along with times, permissions, and ownership to dir_txt/",find dir/ -name '*.txt' | xargs cp -a --target-directory=dir_txt/ --parents,[/INST] `find dir/ -name '*.txt' -exec cp -p {} dir_txt/ \;`</s>
8,"Find all .txt files in the dir/ directory tree and copy them along with times, permissions, and ownership to dir_txt/",find dir/ -name '*.txt' | xargs cp -a --target-directory=dir_txt/ --parents,[/INST] `find dir/ -name '*.txt' -exec cp -p {} dir_txt/ \;`</s>
8,"Find all .txt files in the dir/ directory tree and copy them along with times, permissions, and ownership to dir_txt/",find dir/ -name '*.txt' | xargs cp -a --target-directory=dir_txt/ --parents,[/INST] `find dir/ -name '*.txt' -exec cp -p {} dir_txt/ \;`</s>
9,Removes '/var/lib/mongodb/mongod.lock' in 'sudo' mode.,sudo rm /var/lib/mongodb/mongod.lock,[/INST] `sudo rm /var/lib/mongodb/mongod.lock`</s>
9,Removes '/var/lib/mongodb/mongod.lock' in 'sudo' mode.,sudo rm /var/lib/mongodb/mongod.lock,[/INST] `sudo rm /var/lib/mongodb/mongod.lock`</s>
9,Removes '/var/lib/mongodb/mongod.lock' in 'sudo' mode.,sudo rm /var/lib/mongodb/mongod.lock,[/INST] `sudo rm /var/lib/mongodb/mongod.lock`</s>
10,Finds shell options with 'login' in name.,shopt | grep login,"[/INST] `find / -name ""*login*"" 2>/dev/null`</s>"
10,Finds shell options with 'login' in name.,shopt | grep login,"[/INST] `find / -name ""*login*"" 2>/dev/null`</s>"
10,Finds shell options with 'login' in name.,shopt | grep login,"[/INST] `find / -name ""*login*"" 2>/dev/null`</s>"
11,"display all the files in the current folder excluding those that are present in the sub directory aa and display those files that start with the word ""file""",find . \( -type d -name aa -prune \) -o \( -type f -name 'file*' -print \),"[/INST] `ls -d */|cut -d'/' -f1|grep -v aa/ && find . -type f -name ""file*""`</s>"
11,"display all the files in the current folder excluding those that are present in the sub directory aa and display those files that start with the word ""file""",find . \( -type d -name aa -prune \) -o \( -type f -name 'file*' -print \),"[/INST] `ls -d */|cut -d'/' -f1|grep -v aa/ && find . -type f -name ""file*""`</s>"
11,"display all the files in the current folder excluding those that are present in the sub directory aa and display those files that start with the word ""file""",find . \( -type d -name aa -prune \) -o \( -type f -name 'file*' -print \),"[/INST] `ls -d */|cut -d'/' -f1|grep -v aa/ && find . -type f -name ""file*""`</s>"
12,"Continuously print ""123456789"" and line buffer the output via ""grep"" for input to ""{ head -n 1; head -n 1; }""",yes 123456789 | grep --line-buffered . | { head -n 1; head -n 1; },[/INST] `yes 123456789 | grep -P '(.)\1' | head -n 2`</s>
12,"Continuously print ""123456789"" and line buffer the output via ""grep"" for input to ""{ head -n 1; head -n 1; }""",yes 123456789 | grep --line-buffered . | { head -n 1; head -n 1; },[/INST] `yes 123456789 | grep -P '(.)\1' | head -n 2`</s>
12,"Continuously print ""123456789"" and line buffer the output via ""grep"" for input to ""{ head -n 1; head -n 1; }""",yes 123456789 | grep --line-buffered . | { head -n 1; head -n 1; },[/INST] `yes 123456789 | grep -P '(.)\1' | head -n 2`</s>
13,"Search for the string ""ERROR"" in all XML files in the current working directory tree","find . -name ""*.xml"" -exec grep ""ERROR"" /dev/null '{}' \+","[/INST] `grep -r ""ERROR"" *.xml`</s>"
13,"Search for the string ""ERROR"" in all XML files in the current working directory tree","find . -name ""*.xml"" -exec grep ""ERROR"" /dev/null '{}' \+","[/INST] `grep -r ""ERROR"" *.xml`</s>"
13,"Search for the string ""ERROR"" in all XML files in the current working directory tree","find . -name ""*.xml"" -exec grep ""ERROR"" /dev/null '{}' \+","[/INST] `grep -r ""ERROR"" *.xml`</s>"
14,Creates temporary file with appended suffix '.cmd' and saves path to it in 'LGT_TEMP_FILE' variable.,"LGT_TEMP_FILE=""$(mktemp --suffix .cmd)""","[/INST] ```bash
LGT_TEMP_FILE=$(mktemp /tmp/myapp.XXXXXX.cmd)
```</s>"
14,Creates temporary file with appended suffix '.cmd' and saves path to it in 'LGT_TEMP_FILE' variable.,"LGT_TEMP_FILE=""$(mktemp --suffix .cmd)""","[/INST] ```bash
LGT_TEMP_FILE=$(mktemp /tmp/myapp.XXXXXX.cmd)
```</s>"
14,Creates temporary file with appended suffix '.cmd' and saves path to it in 'LGT_TEMP_FILE' variable.,"LGT_TEMP_FILE=""$(mktemp --suffix .cmd)""","[/INST] ```bash
LGT_TEMP_FILE=$(mktemp /tmp/myapp.XXXXXX.cmd)
```</s>"
15,"Output lines 16224 to 16482 of 'file', not recommended with large files that contain many lines after the ones needed.","awk 'NR==16224, NR==16482' file","[/INST] `sed -n '16224,16482p' file`</s>"
15,"Output lines 16224 to 16482 of 'file', not recommended with large files that contain many lines after the ones needed.","awk 'NR==16224, NR==16482' file","[/INST] `sed -n '16224,16482p' file`</s>"
15,"Output lines 16224 to 16482 of 'file', not recommended with large files that contain many lines after the ones needed.","awk 'NR==16224, NR==16482' file","[/INST] `sed -n '16224,16482p' file`</s>"
16,"Save the current working directory and the directory name of the current script to variable ""DIR""",DIR=`pwd`/`dirname $0`,"[/INST] ```bash
DIR=""$(pwd)""
```</s>"
16,"Save the current working directory and the directory name of the current script to variable ""DIR""",DIR=`pwd`/`dirname $0`,"[/INST] ```bash
DIR=""$(pwd)""
```</s>"
16,"Save the current working directory and the directory name of the current script to variable ""DIR""",DIR=`pwd`/`dirname $0`,"[/INST] ```bash
DIR=""$(pwd)""
```</s>"
17,display all the files in current folder which have not been modified in the last 7 days,find . -mtime +7,[/INST] `find . -type f -mtime +7 -exec ls -l {} \;`</s>
17,display all the files in current folder which have not been modified in the last 7 days,find . -mtime +7,[/INST] `find . -type f -mtime +7 -exec ls -l {} \;`</s>
17,display all the files in current folder which have not been modified in the last 7 days,find . -mtime +7,[/INST] `find . -type f -mtime +7 -exec ls -l {} \;`</s>
18,"Convert all characters in ""$a"" to upper case and save to variable ""b""","b=`echo ""$a"" | sed 's/./\U&/g'`","[/INST] `b=$(echo ""$a"" | tr '[:lower:]' '[:upper:]')`</s>"
18,"Convert all characters in ""$a"" to upper case and save to variable ""b""","b=`echo ""$a"" | sed 's/./\U&/g'`","[/INST] `b=$(echo ""$a"" | tr '[:lower:]' '[:upper:]')`</s>"
18,"Convert all characters in ""$a"" to upper case and save to variable ""b""","b=`echo ""$a"" | sed 's/./\U&/g'`","[/INST] `b=$(echo ""$a"" | tr '[:lower:]' '[:upper:]')`</s>"
19,"Find any files in the current directory and its sub-directories that were last accessed more than 7 days or are larger than 10 * 1024 * 2 blocks in size, that is larger than 20480 blocks.",find . -atime +7 -o -size +`expr 10 \* 1024 \* 2` -print,[/INST] `find . -type f \( -size +20480c -o -atime +7 \) -print`</s>
19,"Find any files in the current directory and its sub-directories that were last accessed more than 7 days or are larger than 10 * 1024 * 2 blocks in size, that is larger than 20480 blocks.",find . -atime +7 -o -size +`expr 10 \* 1024 \* 2` -print,[/INST] `find . -type f \( -size +20480c -o -atime +7 \) -print`</s>
19,"Find any files in the current directory and its sub-directories that were last accessed more than 7 days or are larger than 10 * 1024 * 2 blocks in size, that is larger than 20480 blocks.",find . -atime +7 -o -size +`expr 10 \* 1024 \* 2` -print,[/INST] `find . -type f \( -size +20480c -o -atime +7 \) -print`</s>
20,Find and remove the file with inode number 782263 in the current directory tree,find . -inum 782263 -exec rm -i {} \;,[/INST] `find . -inum 782263 -type f -delete`</s>
20,Find and remove the file with inode number 782263 in the current directory tree,find . -inum 782263 -exec rm -i {} \;,[/INST] `find . -inum 782263 -type f -delete`</s>
20,Find and remove the file with inode number 782263 in the current directory tree,find . -inum 782263 -exec rm -i {} \;,[/INST] `find . -inum 782263 -type f -delete`</s>
21,Search the current directory for all files with no 'read' privilege for 'others',find . -maxdepth 1 ! -perm  -o=r,"[/INST] `find . -type f -perm -o=r -exec echo ""{}"" \; -print`</s>"
21,Search the current directory for all files with no 'read' privilege for 'others',find . -maxdepth 1 ! -perm  -o=r,"[/INST] `find . -type f -perm -o=r -exec echo ""{}"" \; -print`</s>"
21,Search the current directory for all files with no 'read' privilege for 'others',find . -maxdepth 1 ! -perm  -o=r,"[/INST] `find . -type f -perm -o=r -exec echo ""{}"" \; -print`</s>"
22,Show the subdirectories of the current directory,find . -maxdepth 1 -type d -print | xargs echo Directories:,"[/INST] `ls -d */`

This command will list the subdirectories of the current directory, including the trailing slash (`/`) to indicate they are directories.</s>"
22,Show the subdirectories of the current directory,find . -maxdepth 1 -type d -print | xargs echo Directories:,"[/INST] `ls -d */`

This command will list the subdirectories of the current directory, including the trailing slash (`/`) to indicate they are directories.</s>"
22,Show the subdirectories of the current directory,find . -maxdepth 1 -type d -print | xargs echo Directories:,"[/INST] `ls -d */`

This command will list the subdirectories of the current directory, including the trailing slash (`/`) to indicate they are directories.</s>"
23,find all the files in the home folder which have been modified after a file,find $HOME -newer ~joeuser/lastbatch.txt,"[/INST] `find ~ -type f -newer <file>`

Replace `<file>` with the name of the file you want to compare modification times with. This command will find all files in the home folder (`~`) that have been modified more recently than the specified file.</s>"
23,find all the files in the home folder which have been modified after a file,find $HOME -newer ~joeuser/lastbatch.txt,"[/INST] `find ~ -type f -newer <file>`

Replace `<file>` with the name of the file you want to compare modification times with. This command will find all files in the home folder (`~`) that have been modified more recently than the specified file.</s>"
23,find all the files in the home folder which have been modified after a file,find $HOME -newer ~joeuser/lastbatch.txt,"[/INST] `find ~ -type f -newer <file>`

Replace `<file>` with the name of the file you want to compare modification times with. This command will find all files in the home folder (`~`) that have been modified more recently than the specified file.</s>"
24,"Force create a symbolic link named ""id_rsa"" to ""$keyname""",ln -sf $keyname     id_rsa,[/INST] ln -s `echo $keyname` id\_rsa</s>
24,"Force create a symbolic link named ""id_rsa"" to ""$keyname""",ln -sf $keyname     id_rsa,[/INST] ln -s `echo $keyname` id\_rsa</s>
24,"Force create a symbolic link named ""id_rsa"" to ""$keyname""",ln -sf $keyname     id_rsa,[/INST] ln -s `echo $keyname` id\_rsa</s>
25,find all the jpg files in current folder and sort them,"find . -type f|grep -i ""\.jpg$"" |sort","[/INST] `find . -name ""*.jpg"" | sort`</s>"
25,find all the jpg files in current folder and sort them,"find . -type f|grep -i ""\.jpg$"" |sort","[/INST] `find . -name ""*.jpg"" | sort`</s>"
25,find all the jpg files in current folder and sort them,"find . -type f|grep -i ""\.jpg$"" |sort","[/INST] `find . -name ""*.jpg"" | sort`</s>"
26,"Search the current directory tree for regular files modified within the past 24 hours whose names do not end with "".DS_Store""",find . -mtime -1 ! -name '.DS_Store' -type f -printf '%f\n',"[/INST] `find . -type f -mtime 0 ! -name ""*.DS_Store""`</s></s></s></s></s>"
26,"Search the current directory tree for regular files modified within the past 24 hours whose names do not end with "".DS_Store""",find . -mtime -1 ! -name '.DS_Store' -type f -printf '%f\n',"[/INST] `find . -type f -mtime 0 -name ""*"" ! -name ""*.DS_Store""`</s>"
26,"Search the current directory tree for regular files modified within the past 24 hours whose names do not end with "".DS_Store""",find . -mtime -1 ! -name '.DS_Store' -type f -printf '%f\n',"[/INST] `find . -type f -mtime 0 -name ""*"" ! -name ""*.DS_Store""`</s>"
27,Get the current shell's executable name from the output of 'ps'.,ps -p $$ | awk '$1 == PP {print $4}' PP=$$,"[/INST] ```bash
ps -p $$ -o command=
```</s>"
27,Get the current shell's executable name from the output of 'ps'.,ps -p $$ | awk '$1 == PP {print $4}' PP=$$,"[/INST] ```bash
ps -p $$ -o command=
```</s>"
27,Get the current shell's executable name from the output of 'ps'.,ps -p $$ | awk '$1 == PP {print $4}' PP=$$,"[/INST] ```bash
ps -p $$ -o command=
```</s>"
28,Find all *.java files under current directory and change their encoding to utf-8 from cp1252,"find . -type f  -name '*.java' -exec sh -c 'iconv -f cp1252 -t utf-8 ""$1"" > converted && mv converted ""$1""' -- {} \;","[/INST] `find . -name ""*.java"" -type f -exec iconv -f cp1252 -t utf-8 -o {}.utf8 {} \; -exec mv {}.utf8 {} \;`</s></s></s>"
28,Find all *.java files under current directory and change their encoding to utf-8 from cp1252,"find . -type f  -name '*.java' -exec sh -c 'iconv -f cp1252 -t utf-8 ""$1"" > converted && mv converted ""$1""' -- {} \;","[/INST] `find . -name ""*.java"" -type f -exec iconv -f cp1252 -t utf-8 -o {}.utf8 {} \; -mv {}.utf8 {}`</s></s></s></s></s></s>"
28,Find all *.java files under current directory and change their encoding to utf-8 from cp1252,"find . -type f  -name '*.java' -exec sh -c 'iconv -f cp1252 -t utf-8 ""$1"" > converted && mv converted ""$1""' -- {} \;","[/INST] `find . -name ""*.java"" -type f -exec iconv -f cp1252 -t utf-8 {} -o {}.utf8 \; -exec mv {}.utf8 {} \; -delete`</s>"
29,find all files that are readable and writable by their owner,find . -perm -600 -print,[/INST] `find / -type f -perm -u=rw`</s>
29,find all files that are readable and writable by their owner,find . -perm -600 -print,[/INST] `find / -type f -perm -u=rw`</s>
29,find all files that are readable and writable by their owner,find . -perm -600 -print,[/INST] `find / -type f -perm -u=rw`</s>
30,"Replace the first occurrence of ""string1"" on each line with ""string2"" in all regular files in the current directory tree",find ./ -type f -exec sed -i 's/string1/string2/' {} \;,[/INST] `find . -type f -exec perl -pi -e 's/string1/string2/g if 1 == $seen{$_}++' {} +`</s>
30,"Replace the first occurrence of ""string1"" on each line with ""string2"" in all regular files in the current directory tree",find ./ -type f -exec sed -i 's/string1/string2/' {} \;,[/INST] `find . -type f -exec perl -pi -e 's/string1/string2/g if 1 == $seen{$_}++' {} +`</s>
30,"Replace the first occurrence of ""string1"" on each line with ""string2"" in all regular files in the current directory tree",find ./ -type f -exec sed -i 's/string1/string2/' {} \;,[/INST] `find . -type f -exec perl -pi -e 's/string1/string2/g if 1 == $seen{$_}++' {} +`</s>
31,Make an archive of .txt files from the dir/ directory tree,find dir/ -name '*.txt' | tar -c --files-from=- | bzip2 > dir_txt.tar.bz2,[/INST] `tar -czvf txt\_archive.tar.gz dir/*.txt`</s>
31,Make an archive of .txt files from the dir/ directory tree,find dir/ -name '*.txt' | tar -c --files-from=- | bzip2 > dir_txt.tar.bz2,[/INST] `tar -czvf txt\_archive.tar.gz dir/*.txt`</s>
31,Make an archive of .txt files from the dir/ directory tree,find dir/ -name '*.txt' | tar -c --files-from=- | bzip2 > dir_txt.tar.bz2,[/INST] `tar -czvf txt\_archive.tar.gz dir/*.txt`</s>
32,searching for all files with the extension mp3,find / -name *.mp3,"[/INST] `find . -name ""*.mp3""`</s>"
32,searching for all files with the extension mp3,find / -name *.mp3,"[/INST] `find . -name ""*.mp3""`</s>"
32,searching for all files with the extension mp3,find / -name *.mp3,"[/INST] `find . -name ""*.mp3""`</s>"
33,"change the extension of all the "".abc"" files in the folder ""/the/path"" to "".edefg"" and do not change in the sub directories. execdir ensures that the command after it is executed only in the folder where the file is found",find /the/path -type f -name '*.abc' -execdir rename 's/\.\/(.+)\.abc$/version1_$1.abc/' {} \;,"[/INST] `for f in ""/the/path""/./*.abc; do mv ""$f"" ""${f/%.abc/.edefg}""; done`</s>"
33,"change the extension of all the "".abc"" files in the folder ""/the/path"" to "".edefg"" and do not change in the sub directories. execdir ensures that the command after it is executed only in the folder where the file is found",find /the/path -type f -name '*.abc' -execdir rename 's/\.\/(.+)\.abc$/version1_$1.abc/' {} \;,"[/INST] `for f in ""/the/path""/./*.abc; do mv ""$f"" ""${f/%.abc/.edefg}""; done`</s>"
33,"change the extension of all the "".abc"" files in the folder ""/the/path"" to "".edefg"" and do not change in the sub directories. execdir ensures that the command after it is executed only in the folder where the file is found",find /the/path -type f -name '*.abc' -execdir rename 's/\.\/(.+)\.abc$/version1_$1.abc/' {} \;,"[/INST] `for f in ""/the/path""/./*.abc; do mv ""$f"" ""${f/%.abc/.edefg}""; done`</s>"
34,Print command history,history,[/INST] `history`</s>
34,Print command history,history,[/INST] `history`</s>
34,Print command history,history,[/INST] `history`</s>
35,Prints line count of each file within current directory.,find . -type f -print | xargs -L1 wc -l,[/INST] `find . -type f -exec wc -l {} \;`</s>
35,Prints line count of each file within current directory.,find . -type f -print | xargs -L1 wc -l,[/INST] `find . -type f -exec wc -l {} \;`</s>
35,Prints line count of each file within current directory.,find . -type f -print | xargs -L1 wc -l,[/INST] `find . -type f -exec wc -l {} \;`</s>
36,Finds out what groups a given user has.,groups user,"[/INST] `dscl . -read /Users/username GroupMembership`

Replace ""username"" with the actual user name. This command will display the groups that the specified user is a member of.</s>"
36,Finds out what groups a given user has.,groups user,"[/INST] `dscl . -read /Users/username GroupMembership`

Replace ""username"" with the actual user name. This command will display the groups that the specified user is a member of.</s>"
36,Finds out what groups a given user has.,groups user,"[/INST] `dscl . -read /Users/username GroupMembership`

Replace ""username"" with the actual user name. This command will display the groups that the specified user is a member of.</s>"
37,"List all files/directories under current directory with their inode numbers, disk space, permission, number of hard links, user name, group name, size, status change time in Y-m-d format and name filed,  then write the outptut to /tmp/files.txt","find . -type f -fprintf /tmp/files.txt ""%i,%b,%M,%n,%u,%g,%s,%CY-%Cm-%Cd %CT,%p\n""","[/INST] `find . -mount -ls | sort -k 1,1n -k 2,2 -o /tmp/files.txt`</s>"
37,"List all files/directories under current directory with their inode numbers, disk space, permission, number of hard links, user name, group name, size, status change time in Y-m-d format and name filed,  then write the outptut to /tmp/files.txt","find . -type f -fprintf /tmp/files.txt ""%i,%b,%M,%n,%u,%g,%s,%CY-%Cm-%Cd %CT,%p\n""","[/INST] `find . -mount -ls | sort -k 1,1n -k 2,2 -o /tmp/files.txt`</s>"
37,"List all files/directories under current directory with their inode numbers, disk space, permission, number of hard links, user name, group name, size, status change time in Y-m-d format and name filed,  then write the outptut to /tmp/files.txt","find . -type f -fprintf /tmp/files.txt ""%i,%b,%M,%n,%u,%g,%s,%CY-%Cm-%Cd %CT,%p\n""","[/INST] `find . -mount -ls | sort -k 1,1n -k 2,2 -o /tmp/files.txt`</s>"
38,show all files in the current directory and all subdirectories,find . -print,[/INST] `ls -R`</s>
38,show all files in the current directory and all subdirectories,find . -print,[/INST] `ls -R`</s>
38,show all files in the current directory and all subdirectories,find . -print,[/INST] `ls -R`</s>
39,List each directory in the current directory prefixed with its disk usage in human readable format and sorted from smallest to largest,du -sh */ | sort -n,[/INST] `du -sh * | sort -h`</s>
39,List each directory in the current directory prefixed with its disk usage in human readable format and sorted from smallest to largest,du -sh */ | sort -n,[/INST] `du -sh * | sort -h`</s>
39,List each directory in the current directory prefixed with its disk usage in human readable format and sorted from smallest to largest,du -sh */ | sort -n,[/INST] `du -sh * | sort -h`</s>
40,Gets all IP addresses from host network configuration and prints first one.,"ifconfig | grep ""inet addr:"" | grep -v ""127.0.0.1"" | grep -Eo '[0-9]{1,3}\.[0-9]{1,3}\.[0-9]{1,3}\.[0-9]{1,3}'  | head -1","[/INST] `ipconfig getifaddr en0 | head -n 1`

Note: This command assumes that the network interface you want to get the IP address for is ""en0"". You may need to use a different interface name depending on your specific system configuration. You can use the command `networksetup -listallnetworkserviceorder` to see a list of your network interfaces.</s>"
40,Gets all IP addresses from host network configuration and prints first one.,"ifconfig | grep ""inet addr:"" | grep -v ""127.0.0.1"" | grep -Eo '[0-9]{1,3}\.[0-9]{1,3}\.[0-9]{1,3}\.[0-9]{1,3}'  | head -1","[/INST] `ipconfig getifaddr en0 | head -n 1`

Note: This command assumes that the network interface you want to get the IP address for is ""en0"". You may need to use a different interface name depending on your specific system configuration. You can use the command `networksetup -listallnetworkserviceorder` to see a list of your network interfaces.</s>"
40,Gets all IP addresses from host network configuration and prints first one.,"ifconfig | grep ""inet addr:"" | grep -v ""127.0.0.1"" | grep -Eo '[0-9]{1,3}\.[0-9]{1,3}\.[0-9]{1,3}\.[0-9]{1,3}'  | head -1","[/INST] `ipconfig getifaddr en0 | head -n 1`

Note: This command assumes that the network interface you want to get the IP address for is ""en0"". You may need to use a different interface name depending on your specific system configuration. You can use the command `networksetup -listallnetworkserviceorder` to see a list of your network interfaces.</s>"
41,Find all *.m4a files under /home/family/Music directory and convert them to ogg,find /home/family/Music -name '*.m4a' -print0 | xargs -0 -i ffmpeg -i {} -acodec libvorbis -aq 6 -vn -ac 2 {}.ogg,"[/INST] ```bash
find /home/family/Music -name ""*.m4a"" -exec ffmpeg -i {} {}.ogg \;
```</s>"
41,Find all *.m4a files under /home/family/Music directory and convert them to ogg,find /home/family/Music -name '*.m4a' -print0 | xargs -0 -i ffmpeg -i {} -acodec libvorbis -aq 6 -vn -ac 2 {}.ogg,"[/INST] ```bash
find /home/family/Music -name ""*.m4a"" -exec ffmpeg -i {} {}.ogg \;
```</s>"
41,Find all *.m4a files under /home/family/Music directory and convert them to ogg,find /home/family/Music -name '*.m4a' -print0 | xargs -0 -i ffmpeg -i {} -acodec libvorbis -aq 6 -vn -ac 2 {}.ogg,"[/INST] ```bash
find /home/family/Music -name ""*.m4a"" -exec ffmpeg -i {} {}.ogg \;
```</s>"
42,Find all directories under /home/username/public_html/sites/default/files and set their permission to 770,find /home/username/public_html/sites/default/files -type d -exec chmod 770 {} +,"[/INST] ```bash
find /home/username/public_html/sites/default/files -type d -exec chmod 770 {} +
```</s>"
42,Find all directories under /home/username/public_html/sites/default/files and set their permission to 770,find /home/username/public_html/sites/default/files -type d -exec chmod 770 {} +,"[/INST] ```bash
find /home/username/public_html/sites/default/files -type d -exec chmod 770 {} +
```</s>"
42,Find all directories under /home/username/public_html/sites/default/files and set their permission to 770,find /home/username/public_html/sites/default/files -type d -exec chmod 770 {} +,"[/INST] ```bash
find /home/username/public_html/sites/default/files -type d -exec chmod 770 {} +
```</s>"
43,Print all files and directories in the `.' directory tree skipping SCCS directories,find . -name SCCS -prune -o -print,[/INST] `find . -type d -name SCCS -prune -o -print`</s>
43,Print all files and directories in the `.' directory tree skipping SCCS directories,find . -name SCCS -prune -o -print,[/INST] `find . -type d -name SCCS -prune -o -print`</s>
43,Print all files and directories in the `.' directory tree skipping SCCS directories,find . -name SCCS -prune -o -print,[/INST] `find . -type d -name SCCS -prune -o -print`</s>
44,Change to location of '$TARGET_FILE' file.,cd `dirname $TARGET_FILE`,"[/INST] cd ""$(dirname ""$TARGET\_FILE"")""</s>"
44,Change to location of '$TARGET_FILE' file.,cd `dirname $TARGET_FILE`,"[/INST] cd ""$(dirname ""$TARGET\_FILE"")""</s>"
44,Change to location of '$TARGET_FILE' file.,cd `dirname $TARGET_FILE`,"[/INST] cd ""$(dirname ""$TARGET\_FILE"")""</s>"
45,"set alias ""mkdir"" for command ¨mkdir -p¨",alias mkdir=¨mkdir -p¨,"[/INST] echo 'alias mkdir=""mkdir -p""' >> ~/.bash\_profile</s>"
45,"set alias ""mkdir"" for command ¨mkdir -p¨",alias mkdir=¨mkdir -p¨,"[/INST] echo 'alias mkdir=""mkdir -p""' >> ~/.bash\_profile</s>"
45,"set alias ""mkdir"" for command ¨mkdir -p¨",alias mkdir=¨mkdir -p¨,"[/INST] echo 'alias mkdir=""mkdir -p""' >> ~/.bash\_profile</s>"
46,List the directory paths of all *.ext (case insensitive) files under /path directory,"find /path -type f -iname ""*.ext"" -printf ""%h\n""","[/INST] `find /path -iname ""*.ext"" -type f -print0 | xargs -0 dirname`<br><br>This command uses the `find` command to search for all files with the extension `.ext` (case insensitive) under the `/path` directory. The `-print0` option is used to separate the file paths with null characters, which allows for file paths with spaces or special characters to be handled correctly. The `xargs"
46,List the directory paths of all *.ext (case insensitive) files under /path directory,"find /path -type f -iname ""*.ext"" -printf ""%h\n""","[/INST] `find /path -iname ""*.ext"" -type f -print0 | xargs -0 dirname`<br><br>This command uses the `find` command to search for all files with the extension `.ext` (case insensitive) under the `/path` directory. The `-print0` option is used to separate the file paths with null characters, which allows for file paths with spaces or special characters to be handled correctly. The `xargs"
46,List the directory paths of all *.ext (case insensitive) files under /path directory,"find /path -type f -iname ""*.ext"" -printf ""%h\n""","[/INST] `find /path -iname ""*.ext"" -type f -print0 | xargs -0 dirname`<br><br>This command uses the `find` command to search for all files with the extension `.ext` (case insensitive) under the `/path` directory. The `-print0` option is used to separate the file paths with null characters, which allows for file paths with spaces or special characters to be handled correctly. The `xargs"
47,"Count the number of lines in ""/dir/file.txt""",cat /dir/file.txt | wc -l,"[/INST] `wc -l ""/dir/file.txt""`</s>"
47,"Count the number of lines in ""/dir/file.txt""",cat /dir/file.txt | wc -l,"[/INST] `wc -l ""/dir/file.txt""`</s>"
47,"Count the number of lines in ""/dir/file.txt""",cat /dir/file.txt | wc -l,"[/INST] `wc -l ""/dir/file.txt""`</s>"
48,Run 'git pull' in every git repository in the current directory,"find . -name "".git"" -type d | sed 's/\/.git//' |  xargs -P10 -I{} git -C {} pull",[/INST] `find . -type d -name '.git' -execdir git pull \;`</s>
48,Run 'git pull' in every git repository in the current directory,"find . -name "".git"" -type d | sed 's/\/.git//' |  xargs -P10 -I{} git -C {} pull",[/INST] `find . -type d -name '.git' -execdir git pull \;`</s>
48,Run 'git pull' in every git repository in the current directory,"find . -name "".git"" -type d | sed 's/\/.git//' |  xargs -P10 -I{} git -C {} pull",[/INST] `find . -type d -name '.git' -execdir git pull \;`</s>
49,"Print summary of new/missing files, and which files differ between folder1 and folder2.",diff -arq folder1 folder2,[/INST] `diff -r folder1 folder2 | diff -x folder1 -x folder2 --summary`</s>
49,"Print summary of new/missing files, and which files differ between folder1 and folder2.",diff -arq folder1 folder2,[/INST] `diff -r folder1 folder2 | diff -x folder1 -x folder2 --summary`</s>
49,"Print summary of new/missing files, and which files differ between folder1 and folder2.",diff -arq folder1 folder2,[/INST] `diff -r folder1 folder2 | diff -x folder1 -x folder2 --summary`</s>
